,Student_ID,Age,Sleep_Duration,Study_Hours,Screen_Time,Caffeine_Intake,Physical_Activity,Sleep_Quality,Weekday_Sleep_Start,Weekend_Sleep_Start,Weekday_Sleep_End,Weekend_Sleep_End
キА计,250.500000,21.53600,6.472400,5.981600,2.525000,2.462000,62.342000,5.362000,11.166860,12.375860,6.929900,8.988100
夹非t,144.481833,2.33315,1.485764,3.475725,0.859414,1.682325,35.191674,2.967249,5.972352,5.789611,1.183174,1.111253
材@|だ旒,125.750000,20.00000,5.100000,2.900000,1.800000,1.000000,32.750000,3.000000,6.087500,7.297500,5.900000,8.047500
材G|だ旒,250.500000,21.00000,6.500000,6.050000,2.600000,2.000000,62.500000,5.000000,10.635000,12.690000,6.885000,9.005000
材T|だ旒,375.250000,24.00000,7.800000,8.800000,3.300000,4.000000,93.250000,8.000000,16.152500,17.327500,7.972500,9.925000
